Round:1,	 score:6
Round:2,	 score:6
Round:3,	 score:6
Round:4,	 score:4
Round:5,	 score:6
Round:6,	 score:7
Round:7,	 score:6
Round:8,	 score:5
Round:9,	 score:6
Round:10,	 score:6
Round:11,	 score:6
Round:12,	 score:5
Round:13,	 score:6
Round:14,	 score:1
Round:15,	 score:7
Round:16,	 score:6
Round:17,	 score:6
Round:18,	 score:7
Round:19,	 score:7
Round:20,	 score:5
Round:21,	 score:7
Round:22,	 score:6
Round:23,	 score:1
Round:24,	 score:6
Round:25,	 score:6
Round:26,	 score:6
Round:27,	 score:5
Round:28,	 score:7
Round:29,	 score:1
Round:30,	 score:6
Round:31,	 score:5
Round:32,	 score:7
Round:33,	 score:8
Round:34,	 score:6
Round:35,	 score:5
Round:36,	 score:8
Round:37,	 score:6
Round:38,	 score:2
Round:39,	 score:6
Round:40,	 score:7
Round:41,	 score:6
Round:42,	 score:6
Round:43,	 score:8
Round:44,	 score:6
Round:45,	 score:6
Round:46,	 score:5
Round:47,	 score:5
Round:48,	 score:6
Round:49,	 score:6
Round:50,	 score:5
Round:51,	 score:7
Round:52,	 score:5
Round:53,	 score:5
Round:54,	 score:6
Round:55,	 score:6
Round:56,	 score:2
Round:57,	 score:9
Round:58,	 score:6
Round:59,	 score:6
Round:60,	 score:9
Round:61,	 score:2
Round:62,	 score:9
Round:63,	 score:5
Round:64,	 score:6
Round:65,	 score:7
Round:66,	 score:5
Round:67,	 score:5
Round:68,	 score:5
Round:69,	 score:9
Round:70,	 score:7
Round:71,	 score:6
Round:72,	 score:5
Round:73,	 score:6
Round:74,	 score:8
Round:75,	 score:7
Round:76,	 score:8
Round:77,	 score:7
Round:78,	 score:6
Round:79,	 score:7
Round:80,	 score:5
Round:81,	 score:9
Round:82,	 score:6
Round:83,	 score:1
Round:84,	 score:6
Round:85,	 score:2
Round:86,	 score:6
Round:87,	 score:6
Round:88,	 score:7
Round:89,	 score:7
Round:90,	 score:7
Round:91,	 score:1
Round:92,	 score:2
Round:93,	 score:5
Round:94,	 score:5
Round:95,	 score:5
Round:96,	 score:6
Round:97,	 score:5
Round:98,	 score:7
Round:99,	 score:6
Round:100,	 score:6
Round:101,	 score:6
Round:102,	 score:5
Round:103,	 score:7
Round:104,	 score:6
Round:105,	 score:6
Round:106,	 score:6
Round:107,	 score:6
Round:108,	 score:6
Round:109,	 score:1
Round:110,	 score:6
Round:111,	 score:8
Round:112,	 score:9
Round:113,	 score:6
Round:114,	 score:6
Round:115,	 score:6
Round:116,	 score:8
Round:117,	 score:1
Round:118,	 score:6
Round:119,	 score:7
Round:120,	 score:6
Round:121,	 score:8
Round:122,	 score:6
Round:123,	 score:5
Round:124,	 score:7
Round:125,	 score:6
Round:126,	 score:7
Round:127,	 score:1
Round:128,	 score:5
Round:129,	 score:5
Round:130,	 score:7
Round:131,	 score:5
Round:132,	 score:5
Round:133,	 score:9
Round:134,	 score:5
Round:135,	 score:5
Round:136,	 score:6
Round:137,	 score:7
Round:138,	 score:6
Round:139,	 score:6
Round:140,	 score:6
Round:141,	 score:6
Round:142,	 score:6
Round:143,	 score:6
Round:144,	 score:6
Round:145,	 score:6
Round:146,	 score:7
Round:147,	 score:2
Round:148,	 score:5
Round:149,	 score:5
Round:150,	 score:7
Round:151,	 score:3
Round:152,	 score:6
Round:153,	 score:7
Round:154,	 score:1
Round:155,	 score:5
Round:156,	 score:7
Round:157,	 score:6
Round:158,	 score:6
Round:159,	 score:1
Round:160,	 score:1
Round:161,	 score:6
Round:162,	 score:6
Round:163,	 score:6
Round:164,	 score:9
Round:165,	 score:8
Round:166,	 score:9
Round:167,	 score:6
Round:168,	 score:7
Round:169,	 score:6
Round:170,	 score:7
Round:171,	 score:5
Round:172,	 score:6
Round:173,	 score:5
Round:174,	 score:8
Round:175,	 score:8
Round:176,	 score:8
Round:177,	 score:5
Round:178,	 score:6
Round:179,	 score:2
Round:180,	 score:5
Round:181,	 score:8
Round:182,	 score:7
Round:183,	 score:3
Round:184,	 score:6
Round:185,	 score:7
Round:186,	 score:6
Round:187,	 score:6
Round:188,	 score:6
Round:189,	 score:7
Round:190,	 score:6
Round:191,	 score:9
Round:192,	 score:3
Round:193,	 score:7
Round:194,	 score:6
Round:195,	 score:6
Round:196,	 score:2
Round:197,	 score:6
Round:198,	 score:7
Round:199,	 score:5
Round:200,	 score:6
Round:201,	 score:6
Round:202,	 score:6
Round:203,	 score:7
Round:204,	 score:6
Round:205,	 score:9
Round:206,	 score:6
Round:207,	 score:5
Round:208,	 score:9
Round:209,	 score:2
Round:210,	 score:6
Round:211,	 score:6
Round:212,	 score:2
Round:213,	 score:6
Round:214,	 score:6
Round:215,	 score:6
Round:216,	 score:6
Round:217,	 score:5
Round:218,	 score:6
Round:219,	 score:9
Round:220,	 score:5
Round:221,	 score:2
Round:222,	 score:6
Round:223,	 score:6
Round:224,	 score:9
Round:225,	 score:6
Round:226,	 score:6
Round:227,	 score:5
Round:228,	 score:8
Round:229,	 score:7
Round:230,	 score:6
Round:231,	 score:5
Round:232,	 score:6
Round:233,	 score:6
Round:234,	 score:7
Round:235,	 score:6
Round:236,	 score:6
Round:237,	 score:4
Round:238,	 score:6
Round:239,	 score:2
Round:240,	 score:4
Round:241,	 score:7
Round:242,	 score:7
Round:243,	 score:5
Round:244,	 score:6
Round:245,	 score:5
Round:246,	 score:6
Round:247,	 score:6
Round:248,	 score:6
Round:249,	 score:5
Round:250,	 score:1
Round:251,	 score:6
Round:252,	 score:6
Round:253,	 score:6
Round:254,	 score:9
Round:255,	 score:5
Round:256,	 score:6
Round:257,	 score:8
Round:258,	 score:9
Round:259,	 score:9
Round:260,	 score:5
Round:261,	 score:1
Round:262,	 score:6
Round:263,	 score:9
Round:264,	 score:7
Round:265,	 score:6
Round:266,	 score:5
Round:267,	 score:6
Round:268,	 score:3
Round:269,	 score:2
Round:270,	 score:4
Round:271,	 score:6
Round:272,	 score:4
Round:273,	 score:1
Round:274,	 score:6
Round:275,	 score:9
Round:276,	 score:5
Round:277,	 score:8
Round:278,	 score:9
Round:279,	 score:6
Round:280,	 score:5
Round:281,	 score:9
Round:282,	 score:7
Round:283,	 score:5
Round:284,	 score:9
Round:285,	 score:3
Round:286,	 score:7
Round:287,	 score:5
Round:288,	 score:6
Round:289,	 score:6
Round:290,	 score:6
Round:291,	 score:8
Round:292,	 score:5
Round:293,	 score:6
Round:294,	 score:5
Round:295,	 score:7
Round:296,	 score:6
Round:297,	 score:7
Round:298,	 score:1
Round:299,	 score:9
Round:300,	 score:8
Round:301,	 score:6
Round:302,	 score:5
Round:303,	 score:6
Round:304,	 score:6
Round:305,	 score:6
Round:306,	 score:5
Round:307,	 score:5
Round:308,	 score:1
Round:309,	 score:5
Round:310,	 score:7
Round:311,	 score:6
Round:312,	 score:7
Round:313,	 score:6
Round:314,	 score:7
Round:315,	 score:6
Round:316,	 score:6
Round:317,	 score:8
Round:318,	 score:7
Round:319,	 score:5
Round:320,	 score:8
Round:321,	 score:1
Round:322,	 score:6
Round:323,	 score:6
Round:324,	 score:6
Round:325,	 score:6
Round:326,	 score:5
Round:327,	 score:6
Round:328,	 score:6
Round:329,	 score:6
Round:330,	 score:6
Round:331,	 score:8
Round:332,	 score:6
Round:333,	 score:6
Round:334,	 score:6
Round:335,	 score:7
Round:336,	 score:6
Round:337,	 score:5
Round:338,	 score:6
Round:339,	 score:6
Round:340,	 score:7
Round:341,	 score:6
Round:342,	 score:6
Round:343,	 score:6
Round:344,	 score:5
Round:345,	 score:1
Round:346,	 score:5
Round:347,	 score:6
Round:348,	 score:6
Round:349,	 score:6
Round:350,	 score:5
Round:351,	 score:6
Round:352,	 score:5
Round:353,	 score:6
Round:354,	 score:6
Round:355,	 score:7
Round:356,	 score:2
Round:357,	 score:7
Round:358,	 score:7
Round:359,	 score:6
Round:360,	 score:6
Round:361,	 score:7
Round:362,	 score:8
Round:363,	 score:7
Round:364,	 score:6
Round:365,	 score:1
Round:366,	 score:6
Round:367,	 score:7
Round:368,	 score:6
Round:369,	 score:6
Round:370,	 score:5
Round:371,	 score:1
Round:372,	 score:1
Round:373,	 score:8
Round:374,	 score:1
Round:375,	 score:7
Round:376,	 score:6
Round:377,	 score:2
Round:378,	 score:5
Round:379,	 score:8
Round:380,	 score:6
Round:381,	 score:8
Round:382,	 score:4
Round:383,	 score:1
Round:384,	 score:8
Round:385,	 score:6
Round:386,	 score:7
Round:387,	 score:8
Round:388,	 score:5
Round:389,	 score:5
Round:390,	 score:6
Round:391,	 score:7
Round:392,	 score:5
Round:393,	 score:6
Round:394,	 score:6
Round:395,	 score:5
Round:396,	 score:6
Round:397,	 score:7
Round:398,	 score:5
Round:399,	 score:9
Round:400,	 score:7
Round:401,	 score:6
Round:402,	 score:2
Round:403,	 score:6
Round:404,	 score:6
Round:405,	 score:6
Round:406,	 score:2
Round:407,	 score:6
Round:408,	 score:1
Round:409,	 score:2
Round:410,	 score:5
Round:411,	 score:5
Round:412,	 score:6
Round:413,	 score:8
Round:414,	 score:6
Round:415,	 score:4
Round:416,	 score:8
Round:417,	 score:9
Round:418,	 score:6
Round:419,	 score:5
Round:420,	 score:6
Round:421,	 score:5
Round:422,	 score:5
Round:423,	 score:7
Round:424,	 score:7
Round:425,	 score:8
Round:426,	 score:6
Round:427,	 score:8
Round:428,	 score:7
Round:429,	 score:6
Round:430,	 score:7
Round:431,	 score:6
Round:432,	 score:5
Round:433,	 score:9
Round:434,	 score:6
Round:435,	 score:9
Round:436,	 score:6
Round:437,	 score:6
Round:438,	 score:5
Round:439,	 score:6
Round:440,	 score:6
Round:441,	 score:6
Round:442,	 score:7
Round:443,	 score:7
Round:444,	 score:5
Round:445,	 score:2
Round:446,	 score:6
Round:447,	 score:6
Round:448,	 score:5
Round:449,	 score:6
Round:450,	 score:7
Round:451,	 score:6
Round:452,	 score:7
Round:453,	 score:6
Round:454,	 score:2
Round:455,	 score:6
Round:456,	 score:2
Round:457,	 score:7
Round:458,	 score:6
Round:459,	 score:5
Round:460,	 score:6
Round:461,	 score:9
Round:462,	 score:5
Round:463,	 score:7
Round:464,	 score:5
Round:465,	 score:1
Round:466,	 score:1
Round:467,	 score:6
Round:468,	 score:3
Round:469,	 score:6
Round:470,	 score:7
Round:471,	 score:2
Round:472,	 score:6
Round:473,	 score:9
Round:474,	 score:2
Round:475,	 score:8
Round:476,	 score:2
Round:477,	 score:6
Round:478,	 score:5
Round:479,	 score:5
Round:480,	 score:6
Round:481,	 score:7
Round:482,	 score:9
Round:483,	 score:8
Round:484,	 score:6
Round:485,	 score:6
Round:486,	 score:6
Round:487,	 score:5
Round:488,	 score:5
Round:489,	 score:1
Round:490,	 score:7
Round:491,	 score:7
Round:492,	 score:9
Round:493,	 score:6
Round:494,	 score:1
Round:495,	 score:6
Round:496,	 score:5
Round:497,	 score:5
Round:498,	 score:7
Round:499,	 score:6
Round:500,	 score:7
Round:501,	 score:6
Round:502,	 score:6
Round:503,	 score:6
Round:504,	 score:7
Round:505,	 score:7
Round:506,	 score:7
Round:507,	 score:6
Round:508,	 score:5
Round:509,	 score:6
Round:510,	 score:6
Round:511,	 score:5
Round:512,	 score:6
Round:513,	 score:6
Round:514,	 score:6
Round:515,	 score:8
Round:516,	 score:7
Round:517,	 score:1
Round:518,	 score:1
Round:519,	 score:7
Round:520,	 score:6
Round:521,	 score:2
Round:522,	 score:6
Round:523,	 score:8
Round:524,	 score:6
Round:525,	 score:6
Round:526,	 score:7
Round:527,	 score:6
Round:528,	 score:5
Round:529,	 score:5
Round:530,	 score:6
Round:531,	 score:7
Round:532,	 score:2
Round:533,	 score:9
Round:534,	 score:5
Round:535,	 score:8
Round:536,	 score:5
Round:537,	 score:6
Round:538,	 score:6
Round:539,	 score:7
Round:540,	 score:5
Round:541,	 score:6
Round:542,	 score:2
Round:543,	 score:2
Round:544,	 score:4
Round:545,	 score:5
Round:546,	 score:6
Round:547,	 score:9
Round:548,	 score:8
Round:549,	 score:5
Round:550,	 score:5
Round:551,	 score:7
Round:552,	 score:3
Round:553,	 score:6
Round:554,	 score:8
Round:555,	 score:7
Round:556,	 score:7
Round:557,	 score:9
Round:558,	 score:8
Round:559,	 score:2
Round:560,	 score:5
Round:561,	 score:6
Round:562,	 score:8
Round:563,	 score:5
Round:564,	 score:6
Round:565,	 score:6
Round:566,	 score:8
Round:567,	 score:5
Round:568,	 score:7
Round:569,	 score:6
Round:570,	 score:7
Round:571,	 score:3
Round:572,	 score:4
Round:573,	 score:6
Round:574,	 score:7
Round:575,	 score:6
Round:576,	 score:2
Round:577,	 score:6
Round:578,	 score:5
Round:579,	 score:7
Round:580,	 score:6
Round:581,	 score:5
Round:582,	 score:7
Round:583,	 score:6
Round:584,	 score:1
Round:585,	 score:9
Round:586,	 score:6
Round:587,	 score:6
Round:588,	 score:9
Round:589,	 score:6
Round:590,	 score:7
Round:591,	 score:6
Round:592,	 score:6
Round:593,	 score:6
Round:594,	 score:2
Round:595,	 score:9
Round:596,	 score:6
Round:597,	 score:6
Round:598,	 score:5
Round:599,	 score:5
Round:600,	 score:6
Round:601,	 score:5
Round:602,	 score:6
Round:603,	 score:7
Round:604,	 score:6
Round:605,	 score:5
Round:606,	 score:5
Round:607,	 score:5
Round:608,	 score:7
Round:609,	 score:6
Round:610,	 score:4
Round:611,	 score:8
Round:612,	 score:6
Round:613,	 score:7
Round:614,	 score:7
Round:615,	 score:4
Round:616,	 score:5
Round:617,	 score:4
Round:618,	 score:7
Round:619,	 score:1
Round:620,	 score:5
Round:621,	 score:6
Round:622,	 score:5
Round:623,	 score:6
Round:624,	 score:5
Round:625,	 score:8
Round:626,	 score:6
Round:627,	 score:6
Round:628,	 score:6
Round:629,	 score:6
Round:630,	 score:5
Round:631,	 score:4
Round:632,	 score:9
Round:633,	 score:6
Round:634,	 score:6
Round:635,	 score:6
Round:636,	 score:7
Round:637,	 score:5
Round:638,	 score:6
Round:639,	 score:5
Round:640,	 score:5
Round:641,	 score:5
Round:642,	 score:6
Round:643,	 score:2
Round:644,	 score:1
Round:645,	 score:6
Round:646,	 score:5
Round:647,	 score:9
Round:648,	 score:6
Round:649,	 score:6
Round:650,	 score:5
Round:651,	 score:6
Round:652,	 score:9
Round:653,	 score:6
Round:654,	 score:6
Round:655,	 score:4
Round:656,	 score:6
Round:657,	 score:4
Round:658,	 score:6
Round:659,	 score:6
Round:660,	 score:7
Round:661,	 score:6
Round:662,	 score:5
Round:663,	 score:7
Round:664,	 score:5
Round:665,	 score:6
Round:666,	 score:5
Round:667,	 score:7
Round:668,	 score:9
Round:669,	 score:6
Round:670,	 score:8
Round:671,	 score:2
Round:672,	 score:6
Round:673,	 score:6
Round:674,	 score:5
Round:675,	 score:5
Round:676,	 score:6
Round:677,	 score:7
Round:678,	 score:7
Round:679,	 score:7
Round:680,	 score:6
Round:681,	 score:6
Round:682,	 score:1
Round:683,	 score:1
Round:684,	 score:4
Round:685,	 score:5
Round:686,	 score:5
Round:687,	 score:5
Round:688,	 score:3
Round:689,	 score:6
Round:690,	 score:9
Round:691,	 score:9
Round:692,	 score:6
Round:693,	 score:6
Round:694,	 score:6
Round:695,	 score:6
Round:696,	 score:9
Round:697,	 score:9
Round:698,	 score:5
Round:699,	 score:5
Round:700,	 score:5
Round:701,	 score:9
Round:702,	 score:6
Round:703,	 score:7
Round:704,	 score:5
Round:705,	 score:5
Round:706,	 score:8
Round:707,	 score:8
Round:708,	 score:6
Round:709,	 score:6
Round:710,	 score:6
Round:711,	 score:9
Round:712,	 score:7
Round:713,	 score:6
Round:714,	 score:6
Round:715,	 score:5
Round:716,	 score:6
Round:717,	 score:6
Round:718,	 score:6
Round:719,	 score:6
Round:720,	 score:9
Round:721,	 score:9
Round:722,	 score:8
Round:723,	 score:1
Round:724,	 score:7
Round:725,	 score:1
Round:726,	 score:3
Round:727,	 score:6
Round:728,	 score:9
Round:729,	 score:6
Round:730,	 score:1
Round:731,	 score:7
Round:732,	 score:9
Round:733,	 score:5
Round:734,	 score:7
Round:735,	 score:2
Round:736,	 score:6
Round:737,	 score:6
Round:738,	 score:7
Round:739,	 score:6
Round:740,	 score:6
Round:741,	 score:6
Round:742,	 score:7
Round:743,	 score:6
Round:744,	 score:5
Round:745,	 score:6
Round:746,	 score:6
Round:747,	 score:6
Round:748,	 score:4
Round:749,	 score:7
Round:750,	 score:6
Round:751,	 score:6
Round:752,	 score:6
Round:753,	 score:2
Round:754,	 score:8
Round:755,	 score:7
Round:756,	 score:9
Round:757,	 score:9
Round:758,	 score:6
Round:759,	 score:6
Round:760,	 score:7
Round:761,	 score:8
Round:762,	 score:7
Round:763,	 score:6
Round:764,	 score:5
Round:765,	 score:5
Round:766,	 score:1
Round:767,	 score:5
Round:768,	 score:6
Round:769,	 score:9
Round:770,	 score:6
Round:771,	 score:6
Round:772,	 score:5
Round:773,	 score:2
Round:774,	 score:7
Round:775,	 score:6
Round:776,	 score:7
Round:777,	 score:5
Round:778,	 score:2
Round:779,	 score:5
Round:780,	 score:9
Round:781,	 score:2
Round:782,	 score:9
Round:783,	 score:6
Round:784,	 score:6
Round:785,	 score:1
Round:786,	 score:2
Round:787,	 score:5
Round:788,	 score:5
Round:789,	 score:1
Round:790,	 score:2
Round:791,	 score:9
Round:792,	 score:5
Round:793,	 score:7
Round:794,	 score:8
Round:795,	 score:5
Round:796,	 score:5
Round:797,	 score:4
Round:798,	 score:6
Round:799,	 score:7
Round:800,	 score:1
Round:801,	 score:6
Round:802,	 score:6
Round:803,	 score:5
Round:804,	 score:6
Round:805,	 score:6
Round:806,	 score:9
Round:807,	 score:6
Round:808,	 score:7
Round:809,	 score:7
Round:810,	 score:5
Round:811,	 score:9
Round:812,	 score:1
Round:813,	 score:1
Round:814,	 score:9
Round:815,	 score:6
Round:816,	 score:6
Round:817,	 score:6
Round:818,	 score:6
Round:819,	 score:5
Round:820,	 score:8
Round:821,	 score:9
Round:822,	 score:6
Round:823,	 score:6
Round:824,	 score:6
Round:825,	 score:5
Round:826,	 score:7
Round:827,	 score:9
Round:828,	 score:2
Round:829,	 score:7
Round:830,	 score:1
Round:831,	 score:6
Round:832,	 score:6
Round:833,	 score:5
Round:834,	 score:7
Round:835,	 score:5
Round:836,	 score:6
Round:837,	 score:6
Round:838,	 score:5
Round:839,	 score:9
Round:840,	 score:6
Round:841,	 score:6
Round:842,	 score:6
Round:843,	 score:6
Round:844,	 score:5
Round:845,	 score:8
Round:846,	 score:2
Round:847,	 score:6
Round:848,	 score:6
Round:849,	 score:5
Round:850,	 score:9
Round:851,	 score:5
Round:852,	 score:6
Round:853,	 score:6
Round:854,	 score:7
Round:855,	 score:6
Round:856,	 score:7
Round:857,	 score:8
Round:858,	 score:6
Round:859,	 score:7
Round:860,	 score:5
Round:861,	 score:7
Round:862,	 score:9
Round:863,	 score:3
Round:864,	 score:6
Round:865,	 score:7
Round:866,	 score:2
Round:867,	 score:5
Round:868,	 score:6
Round:869,	 score:7
Round:870,	 score:7
Round:871,	 score:9
Round:872,	 score:6
Round:873,	 score:6
Round:874,	 score:7
Round:875,	 score:6
Round:876,	 score:8
Round:877,	 score:5
Round:878,	 score:6
Round:879,	 score:6
Round:880,	 score:6
Round:881,	 score:6
Round:882,	 score:6
Round:883,	 score:6
Round:884,	 score:9
Round:885,	 score:9
Round:886,	 score:7
Round:887,	 score:5
Round:888,	 score:6
Round:889,	 score:6
Round:890,	 score:4
Round:891,	 score:6
Round:892,	 score:7
Round:893,	 score:5
Round:894,	 score:7
Round:895,	 score:2
Round:896,	 score:6
Round:897,	 score:2
Round:898,	 score:6
Round:899,	 score:6
Round:900,	 score:7
Round:901,	 score:5
Round:902,	 score:5
Round:903,	 score:1
Round:904,	 score:5
Round:905,	 score:7
Round:906,	 score:6
Round:907,	 score:7
Round:908,	 score:5
Round:909,	 score:7
Round:910,	 score:6
Round:911,	 score:6
Round:912,	 score:6
Round:913,	 score:2
Round:914,	 score:6
Round:915,	 score:6
Round:916,	 score:9
Round:917,	 score:6
Round:918,	 score:5
Round:919,	 score:9
Round:920,	 score:9
Round:921,	 score:5
Round:922,	 score:5
Round:923,	 score:1
Round:924,	 score:7
Round:925,	 score:8
Round:926,	 score:9
Round:927,	 score:5
Round:928,	 score:7
Round:929,	 score:2
Round:930,	 score:6
Round:931,	 score:6
Round:932,	 score:7
Round:933,	 score:8
Round:934,	 score:6
Round:935,	 score:7
Round:936,	 score:6
Round:937,	 score:9
Round:938,	 score:1
Round:939,	 score:7
Round:940,	 score:5
Round:941,	 score:6
Round:942,	 score:6
Round:943,	 score:7
Round:944,	 score:9
Round:945,	 score:5
Round:946,	 score:7
Round:947,	 score:1
Round:948,	 score:1
Round:949,	 score:6
Round:950,	 score:6
Round:951,	 score:6
Round:952,	 score:5
Round:953,	 score:6
Round:954,	 score:7
Round:955,	 score:6
Round:956,	 score:6
Round:957,	 score:5
Round:958,	 score:6
Round:959,	 score:5
Round:960,	 score:5
Round:961,	 score:6
Round:962,	 score:6
Round:963,	 score:6
Round:964,	 score:5
Round:965,	 score:1
Round:966,	 score:6
Round:967,	 score:6
Round:968,	 score:9
Round:969,	 score:5
Round:970,	 score:6
Round:971,	 score:2
Round:972,	 score:5
Round:973,	 score:8
Round:974,	 score:6
Round:975,	 score:6
Round:976,	 score:6
Round:977,	 score:2
Round:978,	 score:6
Round:979,	 score:7
Round:980,	 score:8
Round:981,	 score:9
Round:982,	 score:7
Round:983,	 score:6
Round:984,	 score:6
Round:985,	 score:6
Round:986,	 score:5
Round:987,	 score:5
Round:988,	 score:7
Round:989,	 score:7
Round:990,	 score:2
Round:991,	 score:7
Round:992,	 score:6
Round:993,	 score:5
Round:994,	 score:5
Round:995,	 score:6
Round:996,	 score:5
Round:997,	 score:6
Round:998,	 score:5
Round:999,	 score:6
Round:1000,	 score:6
Round:1001,	 score:6
Round:1002,	 score:6
Round:1003,	 score:7
Round:1004,	 score:5
Round:1005,	 score:1
Round:1006,	 score:6
Round:1007,	 score:6
Round:1008,	 score:5
Round:1009,	 score:6
Round:1010,	 score:5
Round:1011,	 score:6
Round:1012,	 score:5
Round:1013,	 score:2
Round:1014,	 score:5
Round:1015,	 score:6
Round:1016,	 score:5
Round:1017,	 score:6
Round:1018,	 score:5
Round:1019,	 score:6
Round:1020,	 score:1
Round:1021,	 score:6
Round:1022,	 score:9
Round:1023,	 score:9
Round:1024,	 score:5
Round:1025,	 score:9
Round:1026,	 score:1
Round:1027,	 score:6
Round:1028,	 score:5
Round:1029,	 score:6
Round:1030,	 score:1
Round:1031,	 score:5
Round:1032,	 score:6
Round:1033,	 score:2
Round:1034,	 score:7
Round:1035,	 score:4
Round:1036,	 score:6
Round:1037,	 score:6
Round:1038,	 score:5
Round:1039,	 score:3
Round:1040,	 score:6
Round:1041,	 score:1
Round:1042,	 score:7
Round:1043,	 score:9
Round:1044,	 score:6
Round:1045,	 score:6
Round:1046,	 score:5
Round:1047,	 score:1
Round:1048,	 score:4
Round:1049,	 score:4
Round:1050,	 score:6
Round:1051,	 score:6
Round:1052,	 score:6
Round:1053,	 score:6
Round:1054,	 score:8
Round:1055,	 score:5
Round:1056,	 score:5
Round:1057,	 score:6
Round:1058,	 score:1
Round:1059,	 score:7
Round:1060,	 score:6
Round:1061,	 score:6
Round:1062,	 score:1
Round:1063,	 score:7
Round:1064,	 score:5
Round:1065,	 score:7
Round:1066,	 score:2
Round:1067,	 score:7
Round:1068,	 score:5
Round:1069,	 score:7
Round:1070,	 score:1
Round:1071,	 score:5
Round:1072,	 score:6
Round:1073,	 score:7
Round:1074,	 score:6
Round:1075,	 score:6
Round:1076,	 score:2
Round:1077,	 score:6
Round:1078,	 score:9
Round:1079,	 score:3
Round:1080,	 score:9
Round:1081,	 score:6
Round:1082,	 score:7
Round:1083,	 score:7
Round:1084,	 score:7
Round:1085,	 score:5
Round:1086,	 score:9
Round:1087,	 score:6
Round:1088,	 score:5
Round:1089,	 score:6
Round:1090,	 score:6
Round:1091,	 score:6
Round:1092,	 score:8
Round:1093,	 score:7
Round:1094,	 score:8
Round:1095,	 score:6
Round:1096,	 score:6
Round:1097,	 score:6
Round:1098,	 score:1
Round:1099,	 score:6
Round:1100,	 score:7
Round:1101,	 score:6
Round:1102,	 score:5
Round:1103,	 score:5
Round:1104,	 score:9
Round:1105,	 score:6
Round:1106,	 score:7
Round:1107,	 score:7
Round:1108,	 score:4
Round:1109,	 score:5
Round:1110,	 score:2
Round:1111,	 score:5
Round:1112,	 score:7
Round:1113,	 score:6
Round:1114,	 score:4
Round:1115,	 score:6
Round:1116,	 score:9
Round:1117,	 score:1
Round:1118,	 score:6
Round:1119,	 score:5
Round:1120,	 score:2
Round:1121,	 score:6
Round:1122,	 score:9
Round:1123,	 score:7
Round:1124,	 score:7
Round:1125,	 score:7
Round:1126,	 score:6
Round:1127,	 score:6
Round:1128,	 score:6
Round:1129,	 score:8
Round:1130,	 score:7
Round:1131,	 score:9
Round:1132,	 score:9
Round:1133,	 score:5
Round:1134,	 score:9
Round:1135,	 score:8
Round:1136,	 score:6
Round:1137,	 score:5
Round:1138,	 score:6
Round:1139,	 score:6
Round:1140,	 score:6
Round:1141,	 score:9
Round:1142,	 score:3
Round:1143,	 score:5
Round:1144,	 score:6
Round:1145,	 score:7
Round:1146,	 score:9
Round:1147,	 score:3
Round:1148,	 score:6
Round:1149,	 score:5
Round:1150,	 score:6
Round:1151,	 score:7
Round:1152,	 score:3
Round:1153,	 score:6
Round:1154,	 score:1
Round:1155,	 score:6
Round:1156,	 score:7
Round:1157,	 score:7
Round:1158,	 score:1
Round:1159,	 score:7
Round:1160,	 score:6
Round:1161,	 score:5
Round:1162,	 score:6
Round:1163,	 score:5
Round:1164,	 score:2
Round:1165,	 score:5
Round:1166,	 score:2
Round:1167,	 score:5
Round:1168,	 score:6
Round:1169,	 score:9
Round:1170,	 score:2
Round:1171,	 score:6
Round:1172,	 score:6
Round:1173,	 score:5
Round:1174,	 score:2
Round:1175,	 score:4
Round:1176,	 score:6
Round:1177,	 score:6
Round:1178,	 score:6
Round:1179,	 score:6
Round:1180,	 score:5
Round:1181,	 score:5
Round:1182,	 score:6
Round:1183,	 score:7
Round:1184,	 score:6
Round:1185,	 score:6
Round:1186,	 score:6
Round:1187,	 score:5
Round:1188,	 score:5
Round:1189,	 score:5
Round:1190,	 score:6
Round:1191,	 score:5
Round:1192,	 score:9
Round:1193,	 score:2
Round:1194,	 score:5
Round:1195,	 score:6
Round:1196,	 score:6
Round:1197,	 score:5
Round:1198,	 score:6
Round:1199,	 score:2
Round:1200,	 score:6
Round:1201,	 score:5
Round:1202,	 score:6
Round:1203,	 score:5
Round:1204,	 score:7
Round:1205,	 score:6
Round:1206,	 score:6
Round:1207,	 score:7
Round:1208,	 score:7
Round:1209,	 score:1
Round:1210,	 score:7
Round:1211,	 score:6
Round:1212,	 score:6
Round:1213,	 score:7
Round:1214,	 score:7
Round:1215,	 score:9
Round:1216,	 score:2
Round:1217,	 score:2
Round:1218,	 score:6
Round:1219,	 score:6
Round:1220,	 score:1
Round:1221,	 score:7
Round:1222,	 score:5
Round:1223,	 score:5
Round:1224,	 score:7
Round:1225,	 score:6
Round:1226,	 score:6
Round:1227,	 score:5
Round:1228,	 score:6
Round:1229,	 score:6
Round:1230,	 score:7
Round:1231,	 score:6
Round:1232,	 score:7
Round:1233,	 score:4
Round:1234,	 score:5
Round:1235,	 score:7
Round:1236,	 score:6
Round:1237,	 score:3
Round:1238,	 score:4
Round:1239,	 score:5
Round:1240,	 score:5
Round:1241,	 score:5
Round:1242,	 score:5
Round:1243,	 score:7
Round:1244,	 score:9
Round:1245,	 score:6
Round:1246,	 score:5
Round:1247,	 score:5
Round:1248,	 score:6
Round:1249,	 score:5
Round:1250,	 score:5
Round:1251,	 score:7
Round:1252,	 score:6
Round:1253,	 score:5
Round:1254,	 score:2
Round:1255,	 score:6
Round:1256,	 score:7
Round:1257,	 score:6
Round:1258,	 score:8
Round:1259,	 score:6
Round:1260,	 score:6
Round:1261,	 score:7
Round:1262,	 score:3
Round:1263,	 score:5
Round:1264,	 score:5
Round:1265,	 score:1
Round:1266,	 score:5
Round:1267,	 score:7
Round:1268,	 score:6
Round:1269,	 score:6
Round:1270,	 score:5
Round:1271,	 score:6
Round:1272,	 score:7
Round:1273,	 score:7
Round:1274,	 score:6
Round:1275,	 score:9
Round:1276,	 score:7
Round:1277,	 score:7
Round:1278,	 score:5
Round:1279,	 score:5
Round:1280,	 score:6
Round:1281,	 score:5
Round:1282,	 score:9
Round:1283,	 score:6
Round:1284,	 score:8
Round:1285,	 score:5
Round:1286,	 score:5
Round:1287,	 score:6
Round:1288,	 score:7
Round:1289,	 score:9
Round:1290,	 score:6
Round:1291,	 score:7
Round:1292,	 score:4
Round:1293,	 score:5
Round:1294,	 score:6
Round:1295,	 score:7
Round:1296,	 score:6
Round:1297,	 score:6
Round:1298,	 score:6
Round:1299,	 score:5
Round:1300,	 score:9
Round:1301,	 score:5
Round:1302,	 score:9
Round:1303,	 score:6
Round:1304,	 score:6
Round:1305,	 score:7
Round:1306,	 score:6
Round:1307,	 score:6
Round:1308,	 score:6
Round:1309,	 score:6
Round:1310,	 score:5
Round:1311,	 score:6
Round:1312,	 score:5
Round:1313,	 score:7
Round:1314,	 score:9
Round:1315,	 score:7
Round:1316,	 score:6
Round:1317,	 score:1
Round:1318,	 score:6
Round:1319,	 score:8
Round:1320,	 score:6
Round:1321,	 score:6
Round:1322,	 score:6
Round:1323,	 score:6
Round:1324,	 score:6
Round:1325,	 score:6
Round:1326,	 score:5
Round:1327,	 score:6
Round:1328,	 score:6
Round:1329,	 score:5
Round:1330,	 score:7
Round:1331,	 score:7
Round:1332,	 score:9
Round:1333,	 score:6
Round:1334,	 score:3
Round:1335,	 score:6
Round:1336,	 score:6
Round:1337,	 score:9
Round:1338,	 score:7
Round:1339,	 score:5
Round:1340,	 score:9
Round:1341,	 score:6
Round:1342,	 score:6
Round:1343,	 score:5
Round:1344,	 score:7
Round:1345,	 score:2
Round:1346,	 score:5
Round:1347,	 score:2
Round:1348,	 score:9
Round:1349,	 score:6
Round:1350,	 score:5
Round:1351,	 score:6
Round:1352,	 score:7
Round:1353,	 score:7
Round:1354,	 score:5
Round:1355,	 score:5
Round:1356,	 score:4
Round:1357,	 score:9
Round:1358,	 score:6
Round:1359,	 score:6
Round:1360,	 score:7
Round:1361,	 score:6
Round:1362,	 score:6
Round:1363,	 score:9
Round:1364,	 score:7
Round:1365,	 score:8
Round:1366,	 score:7
Round:1367,	 score:6
Round:1368,	 score:7
Round:1369,	 score:6
Round:1370,	 score:7
Round:1371,	 score:7
Round:1372,	 score:4
Round:1373,	 score:8
Round:1374,	 score:8
Round:1375,	 score:7
Round:1376,	 score:6
Round:1377,	 score:3
Round:1378,	 score:6
Round:1379,	 score:5
Round:1380,	 score:5
Round:1381,	 score:6
Round:1382,	 score:7
Round:1383,	 score:9
Round:1384,	 score:1
Round:1385,	 score:6
Round:1386,	 score:7
Round:1387,	 score:5
Round:1388,	 score:7
Round:1389,	 score:5
Round:1390,	 score:7
Round:1391,	 score:1
Round:1392,	 score:5
Round:1393,	 score:6
Round:1394,	 score:6
Round:1395,	 score:5
Round:1396,	 score:6
Round:1397,	 score:6
Round:1398,	 score:7
Round:1399,	 score:9
Round:1400,	 score:7
Round:1401,	 score:7
Round:1402,	 score:5
Round:1403,	 score:4
Round:1404,	 score:6
Round:1405,	 score:5
Round:1406,	 score:6
Round:1407,	 score:7
Round:1408,	 score:6
Round:1409,	 score:6
Round:1410,	 score:5
Round:1411,	 score:7
Round:1412,	 score:4
Round:1413,	 score:6
Round:1414,	 score:6
Round:1415,	 score:9
Round:1416,	 score:6
Round:1417,	 score:6
Round:1418,	 score:1
Round:1419,	 score:5
Round:1420,	 score:5
Round:1421,	 score:9
Round:1422,	 score:2
Round:1423,	 score:6
Round:1424,	 score:5
Round:1425,	 score:5
Round:1426,	 score:6
Round:1427,	 score:6
Round:1428,	 score:6
Round:1429,	 score:4
Round:1430,	 score:7
Round:1431,	 score:8
Round:1432,	 score:6
Round:1433,	 score:5
Round:1434,	 score:5
Round:1435,	 score:6
Round:1436,	 score:7
Round:1437,	 score:6
Round:1438,	 score:6
Round:1439,	 score:9
Round:1440,	 score:5
Round:1441,	 score:7
Round:1442,	 score:1
Round:1443,	 score:2
Round:1444,	 score:6
Round:1445,	 score:6
Round:1446,	 score:1
Round:1447,	 score:9
Round:1448,	 score:7
Round:1449,	 score:6
Round:1450,	 score:6
Round:1451,	 score:6
Round:1452,	 score:6
Round:1453,	 score:6
Round:1454,	 score:6
Round:1455,	 score:6
Round:1456,	 score:6
Round:1457,	 score:5
Round:1458,	 score:2
Round:1459,	 score:6
Round:1460,	 score:5
Round:1461,	 score:5
Round:1462,	 score:5
Round:1463,	 score:6
Round:1464,	 score:6
Round:1465,	 score:9
Round:1466,	 score:2
Round:1467,	 score:5
Round:1468,	 score:6
Round:1469,	 score:1
Round:1470,	 score:6
Round:1471,	 score:6
Round:1472,	 score:1
Round:1473,	 score:7
Round:1474,	 score:9
Round:1475,	 score:1
Round:1476,	 score:7
Round:1477,	 score:1
Round:1478,	 score:6
Round:1479,	 score:5
Round:1480,	 score:6
Round:1481,	 score:2
Round:1482,	 score:8
Round:1483,	 score:9
Round:1484,	 score:5
Round:1485,	 score:1
Round:1486,	 score:6
Round:1487,	 score:1
Round:1488,	 score:8
Round:1489,	 score:7
Round:1490,	 score:7
Round:1491,	 score:2
Round:1492,	 score:5
Round:1493,	 score:5
Round:1494,	 score:1
Round:1495,	 score:6
Round:1496,	 score:6
Round:1497,	 score:8
Round:1498,	 score:7
Round:1499,	 score:6
Round:1500,	 score:6
Round:1501,	 score:6
Round:1502,	 score:7
Round:1503,	 score:6
Round:1504,	 score:6
Round:1505,	 score:6
Round:1506,	 score:6
Round:1507,	 score:8
Round:1508,	 score:6
Round:1509,	 score:7
Round:1510,	 score:7
Round:1511,	 score:6
Round:1512,	 score:1
Round:1513,	 score:6
Round:1514,	 score:6
Round:1515,	 score:8
Round:1516,	 score:1
Round:1517,	 score:2
Round:1518,	 score:3
Round:1519,	 score:6
Round:1520,	 score:6
Round:1521,	 score:7
Round:1522,	 score:6
Round:1523,	 score:6
Round:1524,	 score:6
Round:1525,	 score:8
Round:1526,	 score:8
Round:1527,	 score:7
Round:1528,	 score:1
Round:1529,	 score:9
Round:1530,	 score:6
Round:1531,	 score:6
Round:1532,	 score:6
Round:1533,	 score:4
Round:1534,	 score:5
Round:1535,	 score:7
Round:1536,	 score:7
Round:1537,	 score:6
Round:1538,	 score:6
Round:1539,	 score:7
Round:1540,	 score:6
Round:1541,	 score:5
Round:1542,	 score:9
Round:1543,	 score:7
Round:1544,	 score:6
Round:1545,	 score:5
Round:1546,	 score:1
Round:1547,	 score:6
Round:1548,	 score:6
Round:1549,	 score:5
Round:1550,	 score:7
Round:1551,	 score:7
Round:1552,	 score:6
Round:1553,	 score:5
Round:1554,	 score:6
Round:1555,	 score:6
Round:1556,	 score:5
Round:1557,	 score:4
Round:1558,	 score:9
Round:1559,	 score:6
Round:1560,	 score:6
Round:1561,	 score:6
Round:1562,	 score:5
Round:1563,	 score:6
Round:1564,	 score:7
Round:1565,	 score:5
Round:1566,	 score:9
Round:1567,	 score:7
Round:1568,	 score:5
Round:1569,	 score:9
Round:1570,	 score:6
Round:1571,	 score:6
Round:1572,	 score:8
Round:1573,	 score:7
Round:1574,	 score:6
Round:1575,	 score:6
Round:1576,	 score:7
Round:1577,	 score:1
Round:1578,	 score:5
Round:1579,	 score:5
Round:1580,	 score:1
Round:1581,	 score:6
Round:1582,	 score:8
Round:1583,	 score:9
Round:1584,	 score:6
Round:1585,	 score:6
Round:1586,	 score:5
Round:1587,	 score:6
Round:1588,	 score:7
Round:1589,	 score:5
Round:1590,	 score:6
Round:1591,	 score:6
Round:1592,	 score:6
Round:1593,	 score:2
Round:1594,	 score:5
Round:1595,	 score:9
Round:1596,	 score:5
Round:1597,	 score:6
Round:1598,	 score:6
Round:1599,	 score:7
Round:1600,	 score:7
Round:1601,	 score:8
Round:1602,	 score:6
Round:1603,	 score:2
Round:1604,	 score:5
Round:1605,	 score:5
Round:1606,	 score:9
Round:1607,	 score:6
Round:1608,	 score:6
Round:1609,	 score:9
Round:1610,	 score:6
Round:1611,	 score:6
Round:1612,	 score:6
Round:1613,	 score:9
Round:1614,	 score:6
Round:1615,	 score:7
Round:1616,	 score:6
Round:1617,	 score:3
Round:1618,	 score:5
Round:1619,	 score:7
Round:1620,	 score:5
Round:1621,	 score:7
Round:1622,	 score:6
Round:1623,	 score:7
Round:1624,	 score:6
Round:1625,	 score:5
Round:1626,	 score:6
Round:1627,	 score:9
Round:1628,	 score:3
Round:1629,	 score:4
Round:1630,	 score:6
Round:1631,	 score:7
Round:1632,	 score:6
Round:1633,	 score:6
Round:1634,	 score:5
Round:1635,	 score:9
Round:1636,	 score:9
Round:1637,	 score:5
Round:1638,	 score:1
Round:1639,	 score:7
Round:1640,	 score:6
Round:1641,	 score:7
Round:1642,	 score:9
Round:1643,	 score:6
Round:1644,	 score:5
Round:1645,	 score:9
Round:1646,	 score:5
Round:1647,	 score:5
Round:1648,	 score:2
Round:1649,	 score:6
Round:1650,	 score:9
Round:1651,	 score:5
Round:1652,	 score:6
Round:1653,	 score:7
Round:1654,	 score:6
Round:1655,	 score:5
Round:1656,	 score:6
Round:1657,	 score:6
Round:1658,	 score:5
Round:1659,	 score:6
Round:1660,	 score:6
Round:1661,	 score:7
Round:1662,	 score:6
Round:1663,	 score:1
Round:1664,	 score:3
Round:1665,	 score:6
Round:1666,	 score:6
Round:1667,	 score:9
Round:1668,	 score:2
Round:1669,	 score:6
Round:1670,	 score:5
Round:1671,	 score:6
Round:1672,	 score:6
Round:1673,	 score:8
Round:1674,	 score:3
Round:1675,	 score:6
Round:1676,	 score:1
Round:1677,	 score:6
Round:1678,	 score:3
Round:1679,	 score:6
Round:1680,	 score:2
Round:1681,	 score:6
Round:1682,	 score:6
Round:1683,	 score:6
Round:1684,	 score:2
Round:1685,	 score:6
Round:1686,	 score:6
Round:1687,	 score:1
Round:1688,	 score:6
Round:1689,	 score:6
Round:1690,	 score:9
Round:1691,	 score:9
Round:1692,	 score:6
Round:1693,	 score:6
Round:1694,	 score:1
Round:1695,	 score:6
Round:1696,	 score:8
Round:1697,	 score:9
Round:1698,	 score:5
Round:1699,	 score:6
Round:1700,	 score:6
Round:1701,	 score:9
Round:1702,	 score:5
Round:1703,	 score:7
Round:1704,	 score:9
Round:1705,	 score:5
Round:1706,	 score:6
Round:1707,	 score:6
Round:1708,	 score:6
Round:1709,	 score:7
Round:1710,	 score:6
Round:1711,	 score:6
Round:1712,	 score:6
Round:1713,	 score:8
Round:1714,	 score:4
Round:1715,	 score:7
Round:1716,	 score:8
Round:1717,	 score:5
Round:1718,	 score:5
Round:1719,	 score:2
Round:1720,	 score:6
Round:1721,	 score:2
Round:1722,	 score:6
Round:1723,	 score:5
Round:1724,	 score:6
Round:1725,	 score:7
Round:1726,	 score:8
Round:1727,	 score:9
Round:1728,	 score:7
Round:1729,	 score:1
Round:1730,	 score:7
Round:1731,	 score:4
Round:1732,	 score:3
Round:1733,	 score:5
Round:1734,	 score:5
Round:1735,	 score:6
Round:1736,	 score:2
Round:1737,	 score:5
Round:1738,	 score:5
Round:1739,	 score:5
Round:1740,	 score:2
Round:1741,	 score:6
Round:1742,	 score:5
Round:1743,	 score:5
Round:1744,	 score:6
Round:1745,	 score:6
Round:1746,	 score:5
Round:1747,	 score:6
Round:1748,	 score:5
Round:1749,	 score:5
Round:1750,	 score:2
Round:1751,	 score:2
Round:1752,	 score:8
Round:1753,	 score:5
Round:1754,	 score:5
Round:1755,	 score:6
Round:1756,	 score:9
Round:1757,	 score:9
Round:1758,	 score:6
Round:1759,	 score:5
Round:1760,	 score:3
Round:1761,	 score:7
Round:1762,	 score:7
Round:1763,	 score:6
Round:1764,	 score:3
Round:1765,	 score:5
Round:1766,	 score:2
Round:1767,	 score:5
Round:1768,	 score:7
Round:1769,	 score:7
Round:1770,	 score:5
Round:1771,	 score:9
Round:1772,	 score:5
Round:1773,	 score:9
Round:1774,	 score:9
Round:1775,	 score:2
Round:1776,	 score:2
Round:1777,	 score:1
Round:1778,	 score:5
Round:1779,	 score:6
Round:1780,	 score:6
Round:1781,	 score:2
Round:1782,	 score:6
Round:1783,	 score:6
Round:1784,	 score:6
Round:1785,	 score:7
Round:1786,	 score:5
Round:1787,	 score:5
Round:1788,	 score:6
Round:1789,	 score:6
Round:1790,	 score:7
Round:1791,	 score:5
Round:1792,	 score:8
Round:1793,	 score:5
Round:1794,	 score:5
Round:1795,	 score:9
Round:1796,	 score:6
Round:1797,	 score:7
Round:1798,	 score:6
Round:1799,	 score:7
Round:1800,	 score:6
Round:1801,	 score:1
Round:1802,	 score:7
Round:1803,	 score:6
Round:1804,	 score:5
Round:1805,	 score:8
Round:1806,	 score:6
Round:1807,	 score:8
Round:1808,	 score:5
Round:1809,	 score:2
Round:1810,	 score:3
Round:1811,	 score:6
Round:1812,	 score:1
Round:1813,	 score:6
Round:1814,	 score:5
Round:1815,	 score:4
Round:1816,	 score:6
Round:1817,	 score:7
Round:1818,	 score:7
Round:1819,	 score:6
Round:1820,	 score:8
Round:1821,	 score:7
Round:1822,	 score:6
Round:1823,	 score:6
Round:1824,	 score:5
Round:1825,	 score:7
Round:1826,	 score:1
Round:1827,	 score:5
Round:1828,	 score:5
Round:1829,	 score:7
Round:1830,	 score:8
Round:1831,	 score:6
Round:1832,	 score:9
Round:1833,	 score:7
Round:1834,	 score:6
Round:1835,	 score:5
Round:1836,	 score:8
Round:1837,	 score:5
Round:1838,	 score:5
Round:1839,	 score:6
Round:1840,	 score:2
Round:1841,	 score:1
Round:1842,	 score:5
Round:1843,	 score:9
Round:1844,	 score:7
Round:1845,	 score:6
Round:1846,	 score:6
Round:1847,	 score:5
Round:1848,	 score:8
Round:1849,	 score:5
Round:1850,	 score:6
Round:1851,	 score:6
Round:1852,	 score:5
Round:1853,	 score:5
Round:1854,	 score:6
Round:1855,	 score:7
Round:1856,	 score:6
Round:1857,	 score:5
Round:1858,	 score:6
Round:1859,	 score:5
Round:1860,	 score:5
Round:1861,	 score:6
Round:1862,	 score:7
Round:1863,	 score:4
Round:1864,	 score:9
Round:1865,	 score:7
Round:1866,	 score:9
Round:1867,	 score:6
Round:1868,	 score:7
Round:1869,	 score:5
Round:1870,	 score:1
Round:1871,	 score:6
Round:1872,	 score:5
Round:1873,	 score:7
Round:1874,	 score:6
Round:1875,	 score:6
Round:1876,	 score:6
Round:1877,	 score:1
Round:1878,	 score:6
Round:1879,	 score:7
Round:1880,	 score:6
Round:1881,	 score:6
Round:1882,	 score:5
Round:1883,	 score:5
Round:1884,	 score:6
Round:1885,	 score:3
Round:1886,	 score:3
Round:1887,	 score:6
Round:1888,	 score:6
Round:1889,	 score:9
Round:1890,	 score:6
Round:1891,	 score:7
Round:1892,	 score:5
Round:1893,	 score:7
Round:1894,	 score:7
Round:1895,	 score:6
Round:1896,	 score:8
Round:1897,	 score:4
Round:1898,	 score:6
Round:1899,	 score:6
Round:1900,	 score:5
Round:1901,	 score:5
Round:1902,	 score:5
Round:1903,	 score:7
Round:1904,	 score:5
Round:1905,	 score:6
Round:1906,	 score:6
Round:1907,	 score:6
Round:1908,	 score:9
Round:1909,	 score:5
Round:1910,	 score:9
Round:1911,	 score:5
Round:1912,	 score:8
Round:1913,	 score:6
Round:1914,	 score:9
Round:1915,	 score:6
Round:1916,	 score:2
Round:1917,	 score:7
Round:1918,	 score:2
Round:1919,	 score:7
Round:1920,	 score:6
Round:1921,	 score:8
Round:1922,	 score:6
Round:1923,	 score:5
Round:1924,	 score:7
Round:1925,	 score:7
Round:1926,	 score:6
Round:1927,	 score:5
Round:1928,	 score:5
Round:1929,	 score:5
Round:1930,	 score:6
Round:1931,	 score:3
Round:1932,	 score:6
Round:1933,	 score:9
Round:1934,	 score:2
Round:1935,	 score:6
Round:1936,	 score:5
Round:1937,	 score:7
Round:1938,	 score:6
Round:1939,	 score:7
Round:1940,	 score:7
Round:1941,	 score:7
Round:1942,	 score:8
Round:1943,	 score:5
Round:1944,	 score:5
Round:1945,	 score:6
Round:1946,	 score:8
Round:1947,	 score:2
Round:1948,	 score:5
Round:1949,	 score:6
Round:1950,	 score:1
Round:1951,	 score:5
Round:1952,	 score:6
Round:1953,	 score:5
Round:1954,	 score:7
Round:1955,	 score:5
Round:1956,	 score:7
Round:1957,	 score:6
Round:1958,	 score:1
Round:1959,	 score:7
Round:1960,	 score:7
Round:1961,	 score:9
Round:1962,	 score:6
Round:1963,	 score:2
Round:1964,	 score:9
Round:1965,	 score:5
Round:1966,	 score:6
Round:1967,	 score:3
Round:1968,	 score:5
Round:1969,	 score:7
Round:1970,	 score:5
Round:1971,	 score:6
Round:1972,	 score:6
Round:1973,	 score:9
Round:1974,	 score:6
Round:1975,	 score:5
Round:1976,	 score:6
Round:1977,	 score:5
Round:1978,	 score:7
Round:1979,	 score:7
Round:1980,	 score:6
Round:1981,	 score:6
Round:1982,	 score:8
Round:1983,	 score:5
Round:1984,	 score:2
Round:1985,	 score:5
Round:1986,	 score:5
Round:1987,	 score:5
Round:1988,	 score:6
Round:1989,	 score:2
Round:1990,	 score:3
Round:1991,	 score:8
Round:1992,	 score:6
Round:1993,	 score:6
Round:1994,	 score:9
Round:1995,	 score:5
Round:1996,	 score:6
Round:1997,	 score:7
Round:1998,	 score:6
Round:1999,	 score:5
Round:2000,	 score:6
Round:2001,	 score:2
Round:2002,	 score:1
Round:2003,	 score:9
Round:2004,	 score:6
Round:2005,	 score:8
Round:2006,	 score:6
Round:2007,	 score:2
Round:2008,	 score:7
Round:2009,	 score:9
Round:2010,	 score:6
Round:2011,	 score:7
Round:2012,	 score:2
Round:2013,	 score:6
Round:2014,	 score:7
Round:2015,	 score:6
Round:2016,	 score:7
Round:2017,	 score:5
Round:2018,	 score:1
Round:2019,	 score:6
Round:2020,	 score:8
Round:2021,	 score:6
Round:2022,	 score:6
Round:2023,	 score:9
Round:2024,	 score:5
Round:2025,	 score:6
Round:2026,	 score:6
Round:2027,	 score:5
Round:2028,	 score:6
Round:2029,	 score:1
Round:2030,	 score:6
Round:2031,	 score:6
Round:2032,	 score:6
Round:2033,	 score:1
Round:2034,	 score:8
Round:2035,	 score:9
Round:2036,	 score:5
Round:2037,	 score:5
Round:2038,	 score:5
Round:2039,	 score:5
Round:2040,	 score:6
Round:2041,	 score:7
Round:2042,	 score:1
Round:2043,	 score:7
Round:2044,	 score:6
Round:2045,	 score:5
Round:2046,	 score:6
Round:2047,	 score:5
Round:2048,	 score:8
Round:2049,	 score:2
Round:2050,	 score:9
Round:2051,	 score:1
Round:2052,	 score:6
Round:2053,	 score:6
Round:2054,	 score:6
Round:2055,	 score:8
Round:2056,	 score:9
Round:2057,	 score:1
Round:2058,	 score:6
Round:2059,	 score:7
Round:2060,	 score:5
Round:2061,	 score:7
Round:2062,	 score:6
Round:2063,	 score:5
Round:2064,	 score:1
Round:2065,	 score:2
Round:2066,	 score:2
Round:2067,	 score:6
Round:2068,	 score:6
Round:2069,	 score:1
Round:2070,	 score:5
Round:2071,	 score:8
Round:2072,	 score:7
Round:2073,	 score:5
Round:2074,	 score:5
Round:2075,	 score:4
Round:2076,	 score:6
Round:2077,	 score:5
Round:2078,	 score:8
Round:2079,	 score:6
Round:2080,	 score:7
Round:2081,	 score:5
Round:2082,	 score:6
Round:2083,	 score:4
Round:2084,	 score:6
Round:2085,	 score:1
Round:2086,	 score:5
Round:2087,	 score:7
Round:2088,	 score:5
Round:2089,	 score:6
Round:2090,	 score:9
Round:2091,	 score:5
Round:2092,	 score:6
Round:2093,	 score:5
Round:2094,	 score:6
Round:2095,	 score:2
Round:2096,	 score:5
Round:2097,	 score:9
Round:2098,	 score:6
Round:2099,	 score:2
Round:2100,	 score:6
Round:2101,	 score:5
Round:2102,	 score:2
Round:2103,	 score:6
Round:2104,	 score:6
Round:2105,	 score:5
Round:2106,	 score:5
Round:2107,	 score:9
Round:2108,	 score:6
Round:2109,	 score:9
Round:2110,	 score:8
Round:2111,	 score:6
Round:2112,	 score:5
Round:2113,	 score:2
Round:2114,	 score:7
Round:2115,	 score:6
Round:2116,	 score:1
Round:2117,	 score:9
Round:2118,	 score:6
Round:2119,	 score:6
Round:2120,	 score:7
Round:2121,	 score:7
Round:2122,	 score:5
Round:2123,	 score:6
Round:2124,	 score:6
Round:2125,	 score:5
Round:2126,	 score:6
Round:2127,	 score:6
Round:2128,	 score:8
Round:2129,	 score:7
Round:2130,	 score:6
Round:2131,	 score:3
Round:2132,	 score:5
Round:2133,	 score:6
Round:2134,	 score:6
Round:2135,	 score:6
Round:2136,	 score:7
Round:2137,	 score:5
Round:2138,	 score:6
Round:2139,	 score:5
Round:2140,	 score:1
Round:2141,	 score:6
Round:2142,	 score:6
Round:2143,	 score:5
Round:2144,	 score:4
Round:2145,	 score:6
Round:2146,	 score:6
Round:2147,	 score:6
Round:2148,	 score:8
Round:2149,	 score:5
Round:2150,	 score:6
Round:2151,	 score:2
Round:2152,	 score:7
Round:2153,	 score:3
Round:2154,	 score:6
Round:2155,	 score:6
Round:2156,	 score:9
Round:2157,	 score:5
Round:2158,	 score:6
Round:2159,	 score:5
Round:2160,	 score:9
Round:2161,	 score:9
Round:2162,	 score:6
Round:2163,	 score:7
Round:2164,	 score:5
Round:2165,	 score:5
Round:2166,	 score:7
Round:2167,	 score:5
Round:2168,	 score:8
Round:2169,	 score:6
Round:2170,	 score:5
Round:2171,	 score:6
Round:2172,	 score:7
Round:2173,	 score:6
Round:2174,	 score:7
Round:2175,	 score:8
Round:2176,	 score:6
Round:2177,	 score:1
Round:2178,	 score:7
Round:2179,	 score:1
Round:2180,	 score:7
Round:2181,	 score:6
Round:2182,	 score:5
Round:2183,	 score:4
Round:2184,	 score:6
Round:2185,	 score:7
Round:2186,	 score:5
Round:2187,	 score:5
Round:2188,	 score:6
Round:2189,	 score:7
Round:2190,	 score:3
Round:2191,	 score:9
Round:2192,	 score:5
Round:2193,	 score:6
Round:2194,	 score:6
Round:2195,	 score:1
Round:2196,	 score:6
Round:2197,	 score:6
Round:2198,	 score:7
Round:2199,	 score:8
Round:2200,	 score:6
Round:2201,	 score:3
Round:2202,	 score:6
Round:2203,	 score:6
Round:2204,	 score:9
Round:2205,	 score:7
Round:2206,	 score:5
Round:2207,	 score:5
Round:2208,	 score:7
Round:2209,	 score:5
Round:2210,	 score:5
Round:2211,	 score:6
Round:2212,	 score:6
Round:2213,	 score:1
Round:2214,	 score:5
Round:2215,	 score:5
Round:2216,	 score:6
Round:2217,	 score:3
Round:2218,	 score:6
Round:2219,	 score:5
Round:2220,	 score:6
Round:2221,	 score:5
Round:2222,	 score:7
Round:2223,	 score:4
Round:2224,	 score:6
Round:2225,	 score:7
Round:2226,	 score:2
Round:2227,	 score:5
Round:2228,	 score:6
Round:2229,	 score:7
Round:2230,	 score:7
Round:2231,	 score:5
Round:2232,	 score:1
Round:2233,	 score:9
Round:2234,	 score:7
Round:2235,	 score:7
Round:2236,	 score:1
Round:2237,	 score:1
Round:2238,	 score:5
Round:2239,	 score:6
Round:2240,	 score:5
Round:2241,	 score:5
Round:2242,	 score:9
Round:2243,	 score:5
Round:2244,	 score:6
Round:2245,	 score:7
Round:2246,	 score:7
Round:2247,	 score:5
Round:2248,	 score:5
Round:2249,	 score:1
Round:2250,	 score:6
Round:2251,	 score:7
Round:2252,	 score:7
Round:2253,	 score:7
Round:2254,	 score:6
Round:2255,	 score:6
Round:2256,	 score:5
Round:2257,	 score:6
Round:2258,	 score:5
Round:2259,	 score:5
Round:2260,	 score:2
Round:2261,	 score:6
Round:2262,	 score:5
Round:2263,	 score:6
Round:2264,	 score:6
Round:2265,	 score:6
Round:2266,	 score:7
Round:2267,	 score:4
Round:2268,	 score:6
Round:2269,	 score:3
Round:2270,	 score:8
Round:2271,	 score:5
Round:2272,	 score:6
Round:2273,	 score:5
Round:2274,	 score:5
Round:2275,	 score:2
Round:2276,	 score:6
Round:2277,	 score:6
Round:2278,	 score:6
Round:2279,	 score:5
Round:2280,	 score:6
Round:2281,	 score:8
Round:2282,	 score:5
Round:2283,	 score:7
Round:2284,	 score:7
Round:2285,	 score:6
Round:2286,	 score:8
Round:2287,	 score:6
Round:2288,	 score:5
Round:2289,	 score:6
Round:2290,	 score:7
Round:2291,	 score:7
Round:2292,	 score:2
Round:2293,	 score:5
Round:2294,	 score:6
Round:2295,	 score:5
Round:2296,	 score:5
Round:2297,	 score:2
Round:2298,	 score:6
Round:2299,	 score:9
Round:2300,	 score:7
Round:2301,	 score:6
Round:2302,	 score:6
Round:2303,	 score:6
Round:2304,	 score:5
Round:2305,	 score:1
Round:2306,	 score:7
Round:2307,	 score:6
Round:2308,	 score:7
Round:2309,	 score:5
Round:2310,	 score:4
Round:2311,	 score:6
Round:2312,	 score:7
Round:2313,	 score:1
Round:2314,	 score:4
Round:2315,	 score:5
Round:2316,	 score:5
Round:2317,	 score:6
Round:2318,	 score:7
Round:2319,	 score:6
Round:2320,	 score:6
Round:2321,	 score:6
Round:2322,	 score:6
Round:2323,	 score:7
Round:2324,	 score:6
Round:2325,	 score:5
Round:2326,	 score:2
Round:2327,	 score:5
Round:2328,	 score:6
Round:2329,	 score:7
Round:2330,	 score:1
Round:2331,	 score:9
Round:2332,	 score:2
Round:2333,	 score:6
Round:2334,	 score:5
Round:2335,	 score:6
Round:2336,	 score:9
Round:2337,	 score:6
Round:2338,	 score:6
Round:2339,	 score:7
Round:2340,	 score:6
Round:2341,	 score:5
Round:2342,	 score:6
Round:2343,	 score:7
Round:2344,	 score:7
Round:2345,	 score:9
Round:2346,	 score:6
Round:2347,	 score:5
Round:2348,	 score:6
Round:2349,	 score:5
Round:2350,	 score:9
Round:2351,	 score:6
Round:2352,	 score:8
Round:2353,	 score:6
Round:2354,	 score:6
Round:2355,	 score:7
Round:2356,	 score:5
Round:2357,	 score:6
Round:2358,	 score:1
Round:2359,	 score:6
Round:2360,	 score:6
Round:2361,	 score:6
Round:2362,	 score:6
Round:2363,	 score:1
Round:2364,	 score:6
Round:2365,	 score:5
Round:2366,	 score:6
Round:2367,	 score:9
Round:2368,	 score:7
Round:2369,	 score:6
Round:2370,	 score:5
Round:2371,	 score:6
Round:2372,	 score:6
Round:2373,	 score:6
Round:2374,	 score:8
Round:2375,	 score:1
Round:2376,	 score:7
Round:2377,	 score:4
Round:2378,	 score:6
Round:2379,	 score:9
Round:2380,	 score:7
Round:2381,	 score:2
Round:2382,	 score:1
Round:2383,	 score:6
Round:2384,	 score:5
Round:2385,	 score:1
Round:2386,	 score:6
Round:2387,	 score:7
Round:2388,	 score:9
Round:2389,	 score:6
Round:2390,	 score:7
Round:2391,	 score:6
Round:2392,	 score:5
Round:2393,	 score:9
Round:2394,	 score:5
Round:2395,	 score:5
Round:2396,	 score:2
Round:2397,	 score:2
Round:2398,	 score:2
Round:2399,	 score:6
Round:2400,	 score:5
Round:2401,	 score:5
Round:2402,	 score:6
Round:2403,	 score:6
Round:2404,	 score:2
Round:2405,	 score:5
Round:2406,	 score:6
Round:2407,	 score:6
Round:2408,	 score:7
Round:2409,	 score:6
Round:2410,	 score:9
Round:2411,	 score:6
Round:2412,	 score:2
Round:2413,	 score:6
Round:2414,	 score:6
Round:2415,	 score:6
Round:2416,	 score:7
Round:2417,	 score:7
Round:2418,	 score:2
Round:2419,	 score:7
Round:2420,	 score:7
Round:2421,	 score:9
Round:2422,	 score:6
Round:2423,	 score:6
Round:2424,	 score:5
Round:2425,	 score:6
Round:2426,	 score:6
Round:2427,	 score:7
Round:2428,	 score:5
Round:2429,	 score:6
Round:2430,	 score:6
Round:2431,	 score:6
Round:2432,	 score:8
Round:2433,	 score:3
Round:2434,	 score:7
Round:2435,	 score:7
Round:2436,	 score:6
Round:2437,	 score:6
Round:2438,	 score:9
Round:2439,	 score:5
Round:2440,	 score:6
Round:2441,	 score:2
Round:2442,	 score:5
Round:2443,	 score:5
Round:2444,	 score:6
Round:2445,	 score:7
Round:2446,	 score:6
Round:2447,	 score:7
Round:2448,	 score:9
Round:2449,	 score:6
Round:2450,	 score:6
Round:2451,	 score:5
Round:2452,	 score:5
Round:2453,	 score:5
Round:2454,	 score:6
Round:2455,	 score:6
Round:2456,	 score:6
Round:2457,	 score:7
Round:2458,	 score:6
Round:2459,	 score:6
Round:2460,	 score:1
Round:2461,	 score:6
Round:2462,	 score:2
Round:2463,	 score:6
Round:2464,	 score:8
Round:2465,	 score:6
Round:2466,	 score:6
Round:2467,	 score:9
Round:2468,	 score:6
Round:2469,	 score:6
Round:2470,	 score:1
Round:2471,	 score:6
Round:2472,	 score:6
Round:2473,	 score:7
Round:2474,	 score:7
Round:2475,	 score:6
Round:2476,	 score:2
Round:2477,	 score:6
Round:2478,	 score:6
Round:2479,	 score:6
Round:2480,	 score:6
Round:2481,	 score:5
Round:2482,	 score:6
Round:2483,	 score:2
Round:2484,	 score:7
Round:2485,	 score:6
Round:2486,	 score:6
Round:2487,	 score:6
Round:2488,	 score:6
Round:2489,	 score:5
Round:2490,	 score:9
Round:2491,	 score:6
Round:2492,	 score:6
Round:2493,	 score:2
Round:2494,	 score:6
Round:2495,	 score:5
Round:2496,	 score:6
Round:2497,	 score:6
Round:2498,	 score:7
Round:2499,	 score:7
Round:2500,	 score:6
